{
  "auroc": 0.9498360989284558,
  "auprc": 0.8644976356503286
}